Zip Code,Count
All,53650
00000,81
00005,1
00100,3
00133,1
00199,1
00217,1
00229,1
00233,3
00250,1
00263,1
00265,1
00267,1
00320,1
00330,1
00400,1
00606,1
00622,1
00627,1
00641,1
00646,2
00652,1
00659,1
00678,1
00680,1
00727,2
00736,1
00777,1
00780,1
00784,1
00795,1
00852,1
00907,1
00909,1
00917,1
00920,1
00923,1
00924,2
00926,4
00957,1
00959,1
00969,1
00971,1
00973,1
00976,1
00983,1
00987,1
01000,7
01001,14
01002,6
01005,1
01010,3
01011,1
01014,2
01020,1
01033,2
01038,1
01040,1
01042,1
01060,1
01062,1
01080,1
01093,1
01106,1
01198,1
01201,1
01216,1
01245,1
01254,1
01262,1
01280,1
01354,1
01375,1
01401,1
01403,3
01404,2
01453,1
01463,1
01500,1
01502,1
01503,1
01510,1
01527,1
01532,3
01545,7
01562,1
01568,1
01581,6
01600,1
01604,1
01609,1
01663,1
01700,1
01701,2
01706,1
01715,1
01719,4
01720,14
01721,3
01728,1
01730,3
01740,2
01741,2
01742,3
01745,1
01746,2
01747,1
01748,5
01752,2
01754,1
01756,1
01775,1
01776,3
01778,2
01792,1
01801,2
01808,1
01809,1
01810,8
01821,1
01824,3
01827,1
01830,1
01845,5
01867,1
01876,1
01886,11
01887,2
01890,3
01907,1
01915,1
01930,1
01940,1
01950,1
01970,1
02000,3
02006,1
02019,1
02021,3
02026,1
02032,1
02035,1
02038,2
02052,2
02062,1
02066,2
02067,5
02068,1
02072,1
02100,1
02108,1
02114,3
02115,1
02116,1
02121,1
02122,1
02124,1
02128,3
02129,1
02130,1
02131,4
02132,1
02134,2
02135,2
02136,1
02138,2
02139,2
02140,2
02143,3
02145,2
02148,2
02152,1
02155,2
02169,3
02170,3
02171,1
02176,3
02180,2
02184,1
02186,1
02332,1
02364,2
02370,1
02400,1
02407,1
02420,9
02421,10
02434,1
02445,2
02446,1
02451,1
02452,1
02453,1
02458,5
02459,6
02460,1
02461,1
02464,1
02465,1
02466,2
02467,1
02472,1
02474,3
02478,4
02481,1
02482,1
02492,4
02493,1
02494,1
02532,1
02553,1
02554,1
02583,1
02598,1
02600,2
02645,1
02716,1
02721,3
02760,1
02762,1
02771,2
02790,1
02798,1
02800,1
02806,2
02807,2
02818,2
02827,1
02828,1
02831,1
02834,1
02842,3
02857,1
02860,1
02864,3
02865,1
02879,1
02882,1
02898,1
02906,1
02908,1
02919,2
02920,1
02921,2
02932,1
03000,30
03001,4
03002,6
03003,2
03004,1
03005,2
03015,1
03028,1
03040,1
03042,1
03046,1
03053,2
03054,4
03060,4
03062,5
03064,2
03076,1
03087,1
03100,1
03110,4
03165,3
03200,1
03257,1
03261,1
03269,1
03283,1
03300,2
03303,1
03306,1
03326,1
03383,1
03405,1
03408,1
03410,1
03446,1
03451,1
03455,1
03476,1
03574,1
03600,2
03601,1
03705,1
03709,1
03730,1
03782,1
03801,1
03810,1
03824,1
03833,1
03885,1
03911,1
03936,2
04006,1
04015,1
04017,1
04021,1
04043,1
04059,1
04063,1
04072,1
04075,1
04078,2
04080,2
04091,1
04092,1
04096,1
04100,1
04101,1
04102,1
04103,1
04105,1
04108,1
04114,1
04129,2
04133,1
04194,1
04210,2
04230,1
04240,1
04310,1
04316,2
04323,1
04330,1
04358,1
04384,1
04385,3
04391,1
04400,3
04401,1
04403,1
04418,1
04419,1
04420,1
04425,1
04428,1
04429,1
04449,1
04470,1
04500,1
04562,2
04574,1
04582,1
04593,2
04595,3
04600,2
04605,1
04609,2
04631,1
04671,1
04700,3
04710,1
04716,1
04718,1
04769,1
04778,1
04780,1
04800,4
04810,1
04820,1
04949,1
04964,1
04971,1
04974,1
05000,37
05002,4
05003,4
05004,4
05005,4
05009,2
05018,1
05070,2
05096,2
05116,1
05224,1
05236,1
05268,2
05269,1
05276,1
05281,1
05309,1
05346,1
05359,1
05400,4
05401,2
05410,1
05446,1
05459,1
05468,1
05495,1
05501,1
05502,1
05507,3
05510,3
05553,1
05555,2
05564,1
05571,3
05572,1
05580,1
05600,8
05607,1
05641,1
05649,3
05652,1
05698,3
05700,1
05701,1
05718,2
05730,1
05748,1
05781,1
05785,1
05812,1
05819,1
05848,3
05852,1
06000,3
06001,7
06002,1
06003,1
06004,3
06005,2
06007,1
06010,1
06011,1
06012,3
06013,1
06015,1
06016,1
06018,1
06020,1
06029,3
06032,1
06033,1
06037,1
06040,2
06042,2
06046,1
06059,1
06062,1
06065,1
06066,1
06067,3
06068,1
06070,1
06071,1
06073,1
06074,2
06075,1
06080,1
06084,1
06085,1
06088,2
06089,1
06090,1
06092,2
06095,1
06097,1
06100,6
06107,2
06109,2
06110,1
06111,1
06119,1
06125,1
06132,1
06154,1
06178,1
06200,1
06207,1
06211,1
06213,1
06216,2
06217,1
06250,1
06255,3
06258,1
06264,1
06268,1
06269,1
06276,1
06281,4
06282,1
06284,3
06288,4
06291,1
06292,1
06295,1
06300,8
06301,1
06310,1
06317,1
06330,1
06333,1
06335,1
06344,1
06346,2
06355,4
06356,2
06357,1
06360,2
06370,1
06371,1
06374,1
06376,1
06405,2
06410,2
06414,2
06437,2
06443,2
06450,1
06455,1
06460,3
06468,1
06470,4
06471,1
06482,1
06484,6
06489,2
06492,3
06500,2
06501,1
06511,1
06515,4
06516,2
06519,1
06520,2
06521,1
06524,1
06525,3
06530,3
06544,2
06547,2
06549,1
06550,1
06560,1
06566,1
06575,1
06592,1
06600,10
06601,4
06602,2
06603,1
06609,1
06610,1
06611,1
06614,1
06621,1
06624,1
06626,2
06629,1
06635,1
06641,1
06660,1
06666,1
06680,2
06690,1
06700,2
06701,1
06706,2
06708,1
06714,1
06715,1
06718,1
06720,1
06735,2
06750,1
06751,1
06762,1
06770,1
06776,1
06798,1
06800,5
06801,2
06804,2
06807,2
06810,3
06811,1
06820,2
06824,3
06830,2
06831,1
06840,3
06851,2
06870,1
06878,1
06880,5
06881,1
06883,2
06897,1
06900,1
06902,1
06906,1
06907,3
06910,1
06941,1
06946,1
06952,1
07003,4
07005,1
07006,2
07009,1
07013,1
07016,2
07020,1
07022,2
07023,2
07024,5
07028,1
07029,3
07030,4
07031,1
07034,1
07035,1
07036,2
07039,14
07040,1
07041,3
07042,2
07043,3
07045,2
07046,2
07052,1
07054,6
07055,1
07058,2
07059,1
07063,1
07064,2
07067,2
07069,2
07070,5
07075,1
07076,3
07078,4
07079,1
07080,1
07081,2
07082,2
07086,2
07090,3
07093,3
07094,1
07100,5
07102,1
07105,1
07109,2
07110,1
07111,1
07114,1
07140,1
07204,1
07205,2
07208,2
07209,1
07275,1
07302,9
07304,2
07305,1
07306,4
07307,2
07310,1
07311,1
07336,1
07339,1
07401,1
07403,1
07410,2
07417,3
07423,1
07424,1
07430,3
07435,1
07436,1
07438,1
07439,1
07450,7
07452,3
07458,1
07462,1
07465,1
07470,7
07480,1
07481,1
07500,4
07510,1
07524,1
07534,1
07547,1
07601,3
07605,4
07624,2
07626,3
07627,2
07628,1
07632,1
07641,1
07642,1
07643,1
07645,2
07648,1
07650,3
07651,1
07652,3
07657,4
07666,1
07670,4
07675,3
07677,1
07704,1
07712,1
07719,3
07722,1
07726,4
07728,3
07733,6
07746,4
07748,1
07751,6
07753,1
07760,1
07762,1
07764,1
07809,1
07828,3
07830,1
07834,1
07836,1
07840,3
07849,1
07853,4
07856,1
07860,1
07866,1
07869,1
07871,1
07885,3
07897,1
07901,2
07920,17
07922,1
07927,2
07928,2
07930,1
07931,1
07936,1
07940,2
07945,1
07948,1
07950,5
07960,7
07974,1
07981,4
07982,2
07987,1
07998,1
08001,1
08002,1
08003,5
08007,2
08008,2
08014,1
08017,2
08018,1
08022,2
08033,3
08037,1
08043,4
08053,2
08054,5
08055,2
08056,1
08057,6
08060,1
08081,1
08084,1
08088,1
08093,1
08094,1
08102,1
08109,1
08160,1
08173,3
08180,1
08182,1
08191,1
08193,1
08195,1
08202,1
08204,2
08210,1
08211,1
08221,1
08234,1
08239,1
08253,1
08295,1
08302,1
08312,2
08323,1
08330,1
08361,1
08502,16
08510,3
08512,3
08515,3
08520,4
08527,2
08535,1
08536,32
08540,31
08542,1
08543,1
08550,40
08551,1
08558,6
08560,1
08611,1
08648,2
08690,1
08691,3
08716,1
08723,1
08746,1
08750,1
08753,1
08755,1
08758,1
08770,1
08775,1
08800,1
08805,1
08807,12
08810,8
08812,1
08816,21
08817,11
08820,28
08822,2
08823,3
08824,13
08830,1
08831,10
08833,1
08837,1
08840,2
08844,8
08850,2
08852,13
08853,2
08854,18
08857,5
08862,1
08866,1
08867,3
08869,4
08872,1
08873,11
08876,1
08886,2
08887,2
08901,1
08902,6
08904,1
09011,1
09012,1
09131,1
09263,1
09464,2
09600,1
10000,55
10001,38
10002,89
10003,37
10004,41
10005,19
10006,9
10007,32
10008,102
10009,41
10010,46
10011,3
10012,14
10014,12
10016,19
10017,4
10019,25
10020,1
10021,3
10022,1
10023,3
10024,8
10025,2
10026,2
10027,4
10028,2
10029,3
10030,2
10031,2
10032,1
10033,3
10036,5
10039,1
10044,3
10053,1
10059,1
10060,1
10061,1
10062,1
10065,1
10068,1
10073,1
10074,1
10075,3
10083,2
10084,3
10085,1
10086,1
10087,5
10089,1
10100,2
10101,2
10110,11
10111,2
10112,2
10120,5
10123,1
10124,1
10128,4
10130,4
10131,3
10140,3
10149,1
10150,7
10160,3
10170,1
10209,1
10210,2
10220,28
10221,6
10224,1
10230,4
10234,1
10240,2
10243,1
10244,2
10248,2
10250,6
10260,13
10262,2
10280,1
10282,1
10287,1
10300,3
10301,2
10302,2
10303,2
10305,1
10306,3
10307,1
10308,1
10310,4
10312,2
10320,1
10348,1
10360,1
10384,1
10400,4
10404,1
10415,1
10420,1
10423,1
10449,1
10462,1
10463,6
10466,1
10467,2
10468,1
10470,2
10471,1
10472,2
10475,2
10480,1
10501,2
10504,2
10505,1
10506,6
10510,3
10514,6
10520,4
10522,2
10528,1
10530,4
10531,1
10532,1
10533,4
10538,1
10540,3
10543,2
10547,2
10549,1
10550,2
10552,1
10558,1
10562,1
10566,1
10567,4
10570,1
10582,1
10583,9
10589,1
10590,1
10591,1
10594,1
10598,4
10600,4
10603,1
10604,1
10605,1
10606,2
10610,1
10617,1
10644,2
10646,1
10647,1
10649,1
10651,1
10670,1
10679,1
10681,1
10683,1
10684,1
10693,1
10701,1
10704,1
10708,1
10710,1
10750,1
10800,1
10801,1
10803,1
10851,1
10871,1
10900,1
10903,2
10920,2
10924,1
10930,1
10940,1
10941,2
10950,1
10952,1
10956,1
10960,2
10965,1
10970,1
10973,1
10986,1
10994,1
11000,39
11001,39
11002,18
11003,13
11004,10
11005,5
11006,7
11007,24
11008,11
11009,13
11010,1
11011,2
11012,2
11013,1
11016,4
11017,2
11018,2
11020,3
11021,3
11023,3
11024,2
11030,4
11034,1
11040,3
11047,1
11049,1
11050,4
11051,1
11060,2
11062,1
11075,1
11091,1
11093,1
11100,1
11101,5
11102,2
11103,3
11104,2
11107,1
11109,1
11111,1
11112,1
11115,2
11120,1
11140,1
11141,1
11143,1
11148,2
11152,1
11157,2
11181,2
11192,1
11195,1
11200,3
11201,7
11203,1
11204,4
11205,2
11206,2
11207,2
11210,2
11211,4
11213,1
11214,4
11215,4
11216,2
11217,1
11218,2
11219,2
11221,3
11222,2
11223,1
11225,1
11228,2
11229,4
11230,2
11235,2
11238,2
11248,1
11249,4
11263,1
11270,1
11271,1
11276,1
11284,1
11300,3
11310,1
11311,1
11325,1
11341,1
11345,1
11346,1
11354,7
11355,4
11357,2
11361,3
11364,2
11365,3
11366,1
11369,1
11372,2
11373,2
11374,6
11375,8
11377,4
11378,1
11379,4
11381,1
11385,2
11390,1
11400,8
11403,1
11411,1
11412,1
11416,1
11419,1
11420,1
11421,2
11422,2
11423,2
11427,1
11428,1
11432,2
11434,1
11435,1
11451,1
11455,1
11462,1
11463,1
11481,1
11490,2
11499,1
11500,1
11501,1
11502,1
11510,1
11517,1
11520,4
11529,1
11530,2
11548,1
11550,1
11554,1
11557,1
11559,1
11561,2
11564,1
11566,1
11569,1
11576,1
11577,1
11580,1
11590,2
11596,1
11600,13
11601,3
11602,12
11603,1
11610,1
11624,1
11625,1
11630,2
11640,1
11641,1
11642,1
11647,1
11650,1
11651,1
11660,5
11673,1
11694,1
11696,1
11702,2
11704,1
11705,1
11710,2
11712,1
11720,1
11721,1
11725,4
11727,1
11729,1
11732,1
11733,2
11735,2
11738,1
11739,1
11740,2
11741,1
11742,1
11743,1
11746,2
11747,2
11750,1
11753,9
11758,2
11764,2
11768,1
11769,2
11771,1
11774,1
11778,1
11779,1
11780,2
11784,1
11787,1
11790,2
11791,5
11793,1
11797,2
11798,1
11800,3
11801,2
11803,1
11813,1
11820,1
11821,1
11826,1
11830,4
11835,4
11843,1
11853,1
11870,1
11889,1
11900,1
11921,1
11931,3
11940,1
11941,1
11953,1
11955,1
11957,1
11969,1
11978,1
12000,3
12019,2
12020,1
12025,1
12047,1
12054,1
12065,4
12095,1
12098,1
12100,10
12101,4
12110,1
12111,1
12120,3
12123,1
12130,2
12135,1
12140,1
12144,1
12147,1
12150,1
12170,1
12180,1
12200,47
12201,19
12209,1
12210,4
12211,1
12220,1
12221,1
12226,1
12230,1
12251,1
12260,1
12286,1
12302,1
12306,1
12309,1
12310,7
12311,1
12312,1
12318,1
12329,1
12332,1
12354,1
12357,1
12400,2
12401,2
12430,1
12432,1
12450,1
12477,1
12483,1
12500,2
12501,1
12508,1
12511,1
12518,1
12520,1
12521,1
12528,1
12531,1
12549,2
12553,1
12563,1
12569,1
12572,1
12573,1
12585,1
12601,1
12603,1
12610,1
12622,1
12623,1
12682,1
12701,1
12710,1
12715,1
12717,1
12731,1
12746,2
12751,1
12759,1
12771,1
12774,1
12790,1
12798,1
12803,1
12804,1
12807,1
12819,1
12866,1
12880,1
12883,1
12904,1
12910,1
12921,1
12930,1
12940,1
12960,1
12980,1
13000,18
13001,6
13002,3
13003,2
13020,1
13021,1
13036,1
13066,1
13077,1
13088,1
13090,1
13100,2
13102,1
13104,1
13126,1
13151,1
13167,1
13200,7
13201,1
13210,3
13214,1
13215,1
13216,1
13220,2
13230,1
13246,1
13311,1
13313,1
13315,1
13316,1
13322,1
13326,1
13327,1
13340,1
13374,1
13410,1
13411,1
13420,2
13430,1
13440,1
13450,1
13456,1
13457,1
13468,1
13491,1
13492,1
13499,1
13500,1
13520,3
13523,1
13525,1
13528,1
13530,2
13536,1
13544,1
13554,4
13555,3
13556,2
13562,3
13566,3
13573,1
13581,3
13582,2
13586,3
13588,2
13592,1
13596,1
13597,3
13599,1
13604,1
13608,1
13609,1
13611,2
13612,1
13613,2
13618,1
13643,1
13720,1
13735,1
13783,1
13787,1
13800,1
13803,1
13820,1
13830,1
13840,1
13850,1
13868,1
13889,1
13930,1
13959,1
13976,2
14000,2
14001,1
14024,1
14030,1
14031,1
14032,1
14043,1
14050,1
14055,1
14060,1
14067,1
14074,1
14075,1
14076,1
14100,4
14101,3
14105,1
14120,1
14158,1
14199,1
14202,1
14206,1
14207,1
14221,1
14223,1
14224,2
14225,2
14226,3
14227,1
14228,2
14230,1
14236,1
14240,3
14242,1
14253,1
14300,2
14301,1
14304,2
14313,1
14350,1
14375,1
14400,2
14414,1
14420,3
14445,1
14450,4
14460,2
14470,1
14487,1
14502,1
14534,2
14539,1
14547,1
14548,1
14564,2
14580,2
14586,2
14604,1
14606,1
14607,1
14616,2
14618,2
14620,1
14621,1
14623,2
14624,1
14739,1
14744,1
14778,1
14787,1
14850,5
14894,1
14904,1
14938,2
15000,19
15001,3
15002,2
15004,4
15006,1
15007,4
15008,4
15009,3
15011,2
15013,1
15017,2
15023,1
15025,2
15041,1
15044,2
15057,3
15063,1
15064,1
15068,1
15071,1
15073,1
15076,2
15086,1
15087,1
15090,4
15100,1
15102,1
15106,1
15108,3
15116,1
15120,1
15127,1
15132,1
15143,6
15145,2
15148,1
15200,4
15201,1
15202,1
15203,1
15207,1
15210,2
15211,3
15214,1
15215,1
15217,2
15221,1
15222,2
15224,1
15225,1
15227,2
15228,4
15234,1
15237,3
15238,1
15239,3
15241,2
15301,1
15310,1
15314,1
15317,3
15318,1
15321,1
15322,1
15323,1
15331,1
15334,2
15338,1
15367,2
15372,1
15400,3
15412,2
15430,1
15521,1
15615,1
15631,1
15642,2
15644,1
15650,3
15700,2
15701,1
15800,2
15810,4
15820,2
15825,1
15859,1
15874,1
15894,1
15901,1
15909,1
15994,1
15995,1
15996,1
16000,3
16001,4
16002,3
16003,4
16004,1
16005,1
16006,1
16007,1
16010,3
16012,1
16025,1
16043,1
16046,6
16049,1
16066,2
16100,1
16103,1
16127,2
16140,1
16143,1
16144,1
16145,1
16148,1
16222,1
16223,1
16229,1
16230,1
16242,1
16325,1
16331,1
16336,1
16345,1
16361,2
16392,1
16402,1
16412,1
16415,1
16417,1
16421,1
16438,1
16505,1
16506,1
16507,1
16509,1
16511,1
16513,1
16514,1
16583,1
16601,1
16668,1
16673,1
16689,1
16700,1
16707,1
16708,1
16709,1
16801,2
16802,1
16803,2
16804,1
16807,1
16811,2
16822,3
16853,1
16870,1
16873,1
16874,1
16875,1
16886,1
16899,1
16900,1
16925,1
16930,1
16931,1
16936,1
16937,1
16978,1
17000,3
17003,1
17011,3
17013,1
17017,1
17018,1
17021,1
17025,1
17033,1
17036,1
17038,1
17042,1
17050,3
17055,1
17056,1
17057,1
17072,1
17077,2
17079,1
17080,2
17086,1
17090,2
17094,1
17100,2
17104,2
17109,2
17111,2
17112,1
17145,1
17153,1
17210,1
17236,1
17238,1
17302,1
17327,2
17347,1
17349,2
17402,1
17408,2
17435,1
17510,1
17543,2
17551,1
17562,1
17584,1
17600,2
17601,6
17602,1
17603,2
17606,1
17700,3
17731,1
17777,1
17806,1
17814,1
17837,1
17844,1
17845,1
17872,1
17900,1
17901,1
18000,7
18001,2
18002,1
18013,1
18015,1
18039,1
18040,1
18042,1
18045,1
18051,1
18059,1
18062,3
18064,1
18067,1
18073,1
18103,2
18104,2
18105,1
18150,2
18235,1
18249,1
18274,1
18301,1
18317,1
18337,1
18377,1
18382,1
18411,2
18435,1
18440,1
18441,1
18447,1
18456,1
18474,1
18482,1
18488,1
18504,2
18635,1
18701,1
18752,1
18840,1
18854,1
18914,1
18915,1
18925,2
18929,2
18938,1
18940,5
18944,3
18951,1
18976,3
19000,1
19001,6
19002,3
19004,1
19006,1
19010,4
19020,1
19025,1
19026,1
19034,1
19037,1
19038,2
19041,1
19044,1
19047,1
19053,1
19054,1
19063,2
19067,4
19073,2
19081,1
19083,1
19087,6
19103,3
19104,2
19107,1
19111,2
19119,3
19121,1
19122,1
19123,1
19125,6
19128,3
19130,5
19139,1
19141,1
19142,1
19144,2
19145,3
19146,1
19147,1
19149,1
19151,1
19152,1
19200,1
19301,4
19311,1
19312,1
19333,1
19335,5
19341,2
19343,2
19355,7
19380,1
19382,2
19390,1
19401,1
19403,1
19406,1
19422,6
19425,4
19426,3
19428,1
19440,2
19444,1
19446,1
19454,1
19460,4
19462,1
19464,3
19465,1
19468,4
19504,1
19505,1
19512,1
19516,1
19560,1
19608,1
19611,1
19649,1
19660,1
19701,2
19702,2
19707,3
19709,6
19711,1
19737,1
19802,1
19803,3
19806,1
19807,1
19808,1
19810,2
19958,1
19960,1
19968,1
19987,2
19988,1
20000,16
20001,10
20002,18
20003,26
20004,17
20005,24
20006,21
20007,18
20008,27
20009,14
20010,4
20011,3
20012,50
20013,35
20015,2
20016,2
20017,1
20018,2
20020,2
20022,1
20023,30
20024,6
20027,1
20033,19
20036,3
20043,29
20044,4
20051,1
20092,1
20094,3
20100,6
20101,11
20105,5
20109,1
20110,70
20111,7
20112,3
20119,9
20120,35
20121,7
20124,5
20129,1
20130,31
20131,7
20132,2
20133,1
20135,1
20136,1
20139,1
20140,2
20141,2
20147,10
20148,18
20149,1
20150,2
20151,5
20152,10
20155,5
20160,4
20161,8
20162,5
20164,1
20165,4
20166,4
20169,3
20170,26
20171,25
20175,3
20176,11
20179,1
20180,8
20181,2
20182,1
20187,1
20189,2
20190,7
20194,3
20197,1
20200,3
20215,1
20313,1
20410,1
20440,1
20490,1
20539,1
20603,1
20609,1
20624,1
20636,1
20646,2
20653,1
20657,1
20659,1
20695,1
20705,1
20706,1
20714,1
20715,1
20720,1
20721,1
20723,1
20735,1
20737,1
20740,2
20743,1
20745,2
20748,1
20759,3
20770,2
20772,1
20774,1
20781,1
20782,3
20784,1
20800,5
20801,3
20802,2
20814,6
20815,2
20817,7
20823,1
20833,1
20841,9
20850,14
20851,1
20852,4
20853,1
20854,11
20855,2
20860,1
20861,1
20866,1
20871,3
20872,1
20874,5
20876,2
20877,2
20878,6
20879,1
20895,1
20902,3
20904,1
20906,4
20910,2
20912,1
21000,108
21001,42
21002,13
21003,22
21004,10
21009,1
21010,1
21013,1
21014,2
21015,1
21028,2
21029,2
21042,9
21043,5
21045,1
21047,1
21061,1
21075,4
21076,1
21093,4
21100,4
21101,2
21110,9
21111,1
21113,1
21114,3
21117,1
21118,1
21120,1
21125,1
21128,1
21130,1
21133,1
21136,1
21144,2
21150,3
21153,1
21158,2
21163,2
21180,1
21189,1
21200,8
21201,1
21202,1
21203,1
21204,1
21207,1
21209,2
21211,1
21212,1
21215,1
21217,1
21220,2
21224,2
21228,4
21230,2
21231,1
21234,1
21237,1
21240,2
21241,1
21244,1
21255,1
21264,1
21300,17
21301,2
21302,3
21310,1
21312,1
21316,1
21320,1
21330,8
21352,1
21377,1
21400,29
21401,1
21402,6
21403,1
21406,3
21407,1
21410,4
21412,1
21413,2
21417,1
21420,6
21421,2
21422,1
21440,6
21442,1
21443,1
21450,2
21459,1
21500,36
21501,4
21502,16
21510,1
21512,2
21513,1
21515,1
21519,1
21520,1
21521,1
21527,1
21530,16
21533,2
21540,2
21550,11
21551,1
21560,12
21600,1
21613,1
21701,3
21702,1
21704,6
21742,1
21754,1
21770,2
21787,1
21801,1
21903,1
21923,1
21941,1
21986,1
22000,2
22001,4
22002,1
22003,5
22006,1
22007,1
22009,1
22015,3
22026,1
22027,1
22030,7
22031,4
22032,4
22033,7
22039,3
22042,3
22043,5
22044,1
22046,2
22060,2
22065,2
22066,10
22069,2
22072,1
22079,4
22100,17
22101,10
22102,3
22103,1
22110,1
22124,10
22130,1
22149,2
22150,2
22151,1
22152,5
22153,2
22160,1
22171,1
22175,1
22180,11
22181,2
22182,7
22191,2
22192,2
22193,3
22200,5
22201,6
22202,3
22203,7
22204,4
22205,1
22206,1
22207,6
22209,2
22211,1
22213,2
22225,1
22300,7
22301,1
22302,3
22303,1
22304,6
22305,2
22309,1
22310,3
22312,1
22315,4
22320,1
22351,1
22362,1
22370,1
22390,1
22400,11
22406,1
22410,4
22411,1
22412,1
22414,1
22450,1
22460,1
22461,1
22471,2
22500,21
22501,2
22512,1
22520,1
22530,4
22531,1
22540,3
22550,1
22556,1
22560,1
22570,1
22580,1
22600,15
22601,5
22602,5
22610,4
22613,1
22620,1
22630,1
22635,1
22640,2
22644,1
22650,2
22655,1
22701,1
22736,1
22760,1
22762,1
22775,1
22801,1
22812,1
22840,1
22901,1
22903,1
22911,3
22947,1
22968,1
22995,1
23000,43
23001,6
23002,6
23003,12
23004,4
23005,4
23006,2
23007,2
23008,1
23009,4
23022,1
23027,1
23059,6
23060,5
23102,1
23112,3
23113,2
23139,2
23140,1
23145,1
23149,1
23150,1
23152,1
23153,1
23160,1
23169,1
23185,1
23188,1
23200,1
23220,1
23221,1
23222,1
23223,1
23224,2
23225,2
23226,1
23228,1
23230,1
23232,1
23233,4
23234,2
23235,1
23294,1
23300,1
23314,1
23320,2
23321,1
23322,5
23344,1
23400,2
23401,1
23403,1
23425,1
23434,2
23436,1
23449,1
23452,1
23453,1
23454,4
23455,3
23467,2
23500,2
23504,1
23543,1
23558,1
23559,1
23561,1
23563,1
23574,1
23580,1
23582,1
23586,1
23600,1
23601,1
23602,1
23615,1
23661,1
23662,1
23666,1
23693,1
23700,2
23741,1
23800,1
23805,1
23824,1
23825,2
23831,1
23832,1
23834,1
23836,1
23838,1
23848,1
23853,1
23860,1
23900,1
23919,2
23922,1
23989,1
24000,1
24008,1
24017,1
24018,3
24023,1
24030,1
24050,1
24060,9
24073,1
24100,5
24110,1
24120,2
24125,1
24145,1
24164,2
24175,1
24200,1
24202,2
24204,2
24228,1
24242,1
24243,1
24248,1
24300,6
24304,1
24341,1
24372,1
24378,1
24400,3
24401,1
24415,1
24422,1
24426,1
24443,1
24449,1
24453,1
24500,2
24502,1
24503,2
24504,1
24510,1
24551,4
24574,1
24600,3
24612,1
24660,1
24702,1
24800,8
24855,1
24909,1
24940,1
24957,1
24959,1
25000,34
25001,35
25002,3
25003,2
25006,2
25009,1
25010,14
25011,1
25019,1
25021,1
25040,1
25090,1
25129,1
25140,1
25161,1
25163,1
25165,1
25172,1
25180,1
25200,3
25213,1
25230,1
25250,1
25300,1
25309,1
25314,3
25328,1
25356,1
25403,1
25405,1
25414,1
25421,1
25427,1
25500,12
25502,1
25508,1
25510,1
25515,1
25520,3
25522,1
25526,2
25540,1
25620,3
25630,1
25660,3
25700,10
25705,2
25709,2
25710,1
25928,1
25988,1
26000,3
26100,8
26102,1
26104,1
26130,1
26140,1
26220,2
26229,1
26250,1
26260,1
26270,2
26300,1
26313,2
26314,1
26315,1
26399,1
26400,10
26420,7
26458,1
26501,4
26505,1
26508,3
26514,1
26530,1
26540,1
26560,1
26600,33
26601,1
26602,4
26603,3
26606,3
26607,12
26609,1
26610,8
26620,2
26630,2
26632,1
26640,3
26650,1
26652,1
26655,2
26670,1
26671,1
26795,1
26819,1
26925,1
27001,1
27100,7
27102,1
27103,1
27110,2
27120,1
27122,1
27127,3
27141,1
27160,2
27200,7
27210,2
27215,1
27217,2
27240,1
27244,1
27262,1
27265,2
27278,3
27300,2
27310,2
27312,2
27332,1
27350,2
27352,1
27360,1
27406,1
27410,2
27430,2
27455,1
27502,4
27510,1
27511,2
27513,5
27514,4
27516,4
27517,5
27519,19
27523,5
27527,2
27529,3
27539,3
27540,1
27560,10
27572,1
27587,3
27591,1
27600,1
27601,1
27605,2
27606,1
27607,1
27609,2
27610,1
27612,3
27613,1
27614,2
27615,1
27616,1
27617,2
27621,1
27640,1
27660,1
27670,1
27680,2
27682,1
27703,1
27704,1
27705,3
27707,2
27712,1
27713,2
27760,2
27802,1
27826,1
27837,1
27896,1
28002,1
28003,1
28005,1
28006,1
28007,1
28010,1
28016,2
28023,1
28027,3
28031,2
28033,1
28034,2
28036,2
28046,1
28055,1
28056,1
28075,2
28078,8
28079,1
28100,2
28105,4
28109,2
28117,2
28120,2
28124,1
28134,1
28144,1
28154,1
28169,1
28173,2
28200,6
28201,1
28203,1
28208,1
28209,1
28211,1
28213,1
28214,1
28215,2
28216,1
28220,1
28222,2
28223,4
28226,3
28227,4
28262,2
28269,4
28273,2
28277,8
28278,1
28305,1
28306,3
28314,1
28315,1
28320,1
28356,1
28370,1
28371,1
28374,1
28377,1
28400,2
28405,1
28443,3
28445,1
28449,1
28451,2
28453,1
28460,1
28468,1
28516,1
28539,2
28546,1
28601,3
28660,2
28690,1
28701,1
28704,1
28712,1
28729,1
28734,1
28750,1
28760,1
28785,1
28803,1
28805,1
28905,1
28919,1
29000,1
29020,1
29028,1
29040,1
29063,1
29072,3
29135,1
29169,1
29170,2
29205,1
29223,1
29301,1
29316,2
29334,1
29341,1
29405,1
29414,1
29420,1
29432,1
29464,3
29466,2
29501,1
29505,1
29526,1
29541,1
29550,1
29566,1
29571,1
29588,1
29601,1
29605,1
29609,1
29615,2
29625,1
29630,1
29642,1
29649,1
29651,1
29654,1
29657,1
29681,1
29690,1
29707,1
29708,1
29732,2
29809,1
29910,2
29928,1
30000,9
30001,2
30002,1
30004,13
30005,17
30007,6
30008,1
30009,4
30010,3
30011,2
30012,3
30013,2
30014,1
30015,1
30016,3
30017,2
30019,8
30020,4
30021,2
30022,14
30024,19
30025,2
30027,1
30028,3
30030,7
30032,1
30033,3
30034,1
30035,3
30038,11
30039,1
30040,8
30041,5
30043,2
30044,3
30045,5
30046,1
30047,3
30052,3
30053,1
30062,10
30063,2
30064,1
30067,4
30068,5
30069,1
30070,1
30071,1
30072,3
30075,4
30076,5
30078,2
30082,2
30083,2
30084,2
30087,1
30092,2
30094,1
30096,2
30097,24
30098,1
30101,4
30102,3
30108,1
30112,1
30114,1
30115,2
30123,1
30126,2
30127,1
30128,1
30130,2
30134,1
30144,2
30147,1
30152,4
30163,1
30180,1
30188,1
30189,1
30200,1
30201,6
30202,8
30205,3
30215,4
30223,2
30228,1
30238,1
30244,1
30263,2
30265,1
30269,4
30274,1
30276,1
30281,1
30303,1
30305,2
30307,1
30308,1
30309,2
30310,2
30318,3
30319,3
30324,1
30326,1
30327,3
30328,2
30338,4
30339,1
30340,3
30341,1
30342,2
30344,1
30345,2
30349,1
30350,1
30360,1
30363,1
30373,1
30431,1
30461,2
30506,1
30518,3
30519,4
30521,1
30548,1
30549,2
30573,1
30580,1
30601,2
30607,1
30630,1
30666,1
30736,1
30800,1
30809,1
30841,1
30904,1
30909,1
31000,117
31001,55
31002,15
31003,10
31005,14
31006,1
31012,1
31014,1
31017,1
31020,1
31022,1
31065,1
31066,1
31078,2
31088,3
31100,1
31110,8
31111,1
31112,6
31120,16
31121,2
31122,1
31124,1
31125,3
31130,4
31140,6
31149,1
31150,1
31160,2
31161,1
31164,1
31168,1
31170,1
31177,1
31180,3
31181,1
31190,1
31200,16
31203,3
31207,1
31212,1
31217,1
31221,1
31230,5
31235,1
31236,1
31240,3
31250,2
31261,1
31300,15
31310,1
31311,3
31320,1
31324,2
31330,3
31400,8
31405,1
31410,5
31411,2
31419,1
31420,3
31430,8
31440,10
31450,3
31451,1
31500,34
31501,7
31502,2
31503,2
31504,11
31510,10
31519,1
31520,3
31522,1
31523,1
31530,9
31531,1
31532,2
31540,9
31547,1
31550,5
31560,2
31570,3
31580,4
31581,1
31600,4
31602,2
31700,2
31730,2
31740,1
31750,3
31760,3
31770,1
31792,1
31800,11
31802,2
31805,1
31809,1
31909,1
31911,2
31913,1
31952,1
31982,1
32000,1
32001,1
32002,1
32003,2
32006,1
32034,2
32038,1
32040,1
32046,1
32050,1
32051,1
32052,1
32063,1
32066,1
32073,1
32081,3
32082,3
32086,1
32087,1
32088,1
32092,4
32100,6
32110,1
32111,1
32118,1
32120,1
32124,1
32130,5
32168,1
32174,2
32176,1
32177,1
32200,10
32204,1
32206,1
32210,6
32216,2
32218,2
32220,1
32221,1
32223,1
32224,3
32225,2
32226,1
32236,1
32244,1
32246,1
32250,1
32256,5
32257,1
32258,1
32259,2
32300,5
32301,1
32303,1
32308,1
32309,1
32311,1
32312,2
32340,1
32350,1
32360,1
32380,1
32390,1
32400,10
32401,1
32409,1
32410,3
32413,1
32421,1
32424,1
32433,1
32434,1
32440,2
32443,1
32449,1
32460,2
32461,1
32463,1
32500,25
32501,3
32502,1
32503,1
32505,1
32506,3
32507,1
32509,1
32510,6
32514,1
32520,14
32526,1
32540,5
32542,1
32545,1
32547,2
32559,1
32560,8
32563,1
32571,1
32580,5
32589,1
32600,1
32601,1
32605,1
32607,2
32608,3
32611,1
32613,1
32615,1
32617,2
32631,1
32633,2
32636,2
32637,1
32641,3
32643,1
32652,1
32669,1
32690,1
32703,2
32707,2
32712,2
32714,1
32746,1
32750,1
32751,1
32765,4
32766,1
32771,9
32773,1
32779,2
32780,1
32789,3
32792,1
32801,1
32806,1
32810,1
32812,1
32819,4
32820,1
32827,2
32828,1
32832,2
32835,1
32836,3
32837,1
32900,1
32904,1
32907,1
32908,1
32926,1
32931,1
32940,3
32942,1
32951,1
32952,1
32953,1
32958,1
33000,20
33001,1
33002,3
33003,8
33004,4
33005,1
33006,1
33007,1
33008,1
33010,7
33012,1
33015,1
33019,3
33020,1
33024,2
33026,1
33027,3
33028,1
33029,2
33040,1
33044,1
33052,2
33060,2
33063,1
33065,1
33067,3
33071,1
33073,2
33074,1
33076,3
33077,1
33080,1
33084,1
33110,3
33130,1
33132,2
33133,2
33134,1
33137,2
33138,1
33139,1
33140,1
33141,1
33146,1
33149,2
33154,1
33155,1
33156,5
33157,1
33158,1
33160,1
33161,1
33170,2
33172,1
33173,1
33175,1
33176,1
33178,5
33179,1
33180,1
33185,1
33186,1
33187,1
33189,2
33193,1
33196,2
33200,4
33240,1
33300,3
33301,2
33304,1
33305,1
33312,1
33317,1
33321,1
33323,1
33326,2
33327,4
33328,2
33330,1
33331,3
33351,1
33360,2
33400,2
33401,1
33404,2
33410,1
33411,4
33412,1
33417,1
33418,3
33428,1
33431,1
33432,1
33433,5
33434,2
33436,2
33437,1
33446,2
33458,2
33460,1
33463,2
33469,1
33473,1
33483,2
33486,1
33498,1
33500,2
33541,1
33543,1
33544,1
33547,2
33558,2
33569,1
33570,2
33572,1
33578,1
33579,2
33596,1
33600,1
33606,1
33607,1
33611,1
33615,1
33617,3
33618,2
33624,1
33625,1
33626,2
33630,1
33640,1
33647,11
33700,2
33701,1
33710,2
33711,1
33713,1
33716,3
33720,1
33759,1
33770,1
33776,1
33800,2
33811,1
33812,1
33837,2
33844,1
33881,1
33896,2
33908,1
33913,1
33916,1
33917,1
33919,1
33920,1
33928,1
33960,1
33966,2
34000,1
34008,1
34010,1
34049,1
34050,1
34069,1
34075,1
34077,3
34100,5
34105,1
34108,2
34109,1
34118,1
34119,1
34120,1
34125,2
34127,2
34135,1
34150,1
34151,1
34156,1
34157,1
34190,1
34200,4
34203,2
34205,1
34209,2
34211,3
34221,1
34228,1
34231,1
34237,1
34240,2
34241,1
34243,3
34275,1
34280,1
34293,1
34300,1
34310,1
34340,1
34345,1
34425,1
34451,1
34455,1
34457,1
34461,1
34490,1
34494,1
34516,1
34535,1
34581,1
34621,2
34638,1
34668,1
34674,1
34684,3
34685,3
34695,1
34700,1
34711,3
34716,1
34728,1
34734,1
34737,1
34741,1
34742,1
34743,1
34746,3
34747,2
34758,3
34759,1
34774,1
34776,1
34782,1
34786,3
34787,3
34799,1
34800,2
34852,1
34888,1
34912,1
34940,2
34953,1
34983,1
34986,1
35000,30
35002,2
35007,1
35008,1
35010,6
35022,1
35023,2
35040,1
35043,1
35050,2
35068,1
35101,1
35110,1
35116,1
35121,1
35124,3
35133,1
35173,3
35180,1
35209,1
35210,2
35213,1
35230,1
35242,3
35244,1
35245,1
35300,1
35310,2
35330,1
35390,1
35404,1
35405,1
35430,1
35460,1
35540,1
35590,1
35600,1
35611,1
35613,1
35653,1
35757,1
35758,1
35769,1
35802,2
35803,3
35824,1
35942,1
36000,5
36056,1
36088,1
36100,13
36101,3
36102,2
36110,1
36117,2
36200,5
36203,1
36210,1
36230,1
36300,1
36330,1
36350,1
36370,1
36400,3
36532,1
36587,1
36695,1
36703,1
36786,1
36830,3
36832,2
37000,1
37013,4
37027,9
37034,1
37040,1
37042,2
37043,3
37055,1
37064,7
37066,1
37067,4
37072,1
37075,3
37105,1
37122,2
37124,1
37128,6
37129,1
37135,2
37174,2
37179,1
37187,1
37201,1
37203,4
37204,1
37205,3
37206,5
37207,1
37208,4
37209,2
37210,1
37211,1
37215,4
37217,1
37219,1
37221,3
37302,1
37306,1
37312,1
37323,1
37343,1
37363,2
37377,1
37388,1
37402,1
37604,1
37615,1
37659,2
37660,1
37664,1
37680,2
37803,1
37814,1
37830,2
37834,1
37849,1
37883,1
37902,1
37919,2
37922,4
37931,4
37932,1
37934,2
38000,13
38001,12
38002,1
38004,2
38005,16
38006,1
38017,7
38018,2
38048,1
38060,1
38103,3
38104,2
38111,1
38117,1
38119,2
38125,1
38128,1
38138,2
38139,2
38221,1
38233,1
38242,2
38272,3
38278,1
38301,2
38305,1
38401,1
38408,1
38417,1
38440,1
38485,1
38571,1
38655,2
38732,1
38812,1
38821,1
39000,8
39001,2
39002,4
39005,1
39009,1
39040,1
39056,2
39059,1
39110,2
39141,3
39144,1
39180,1
39202,1
39258,1
39307,1
39451,3
39500,19
39553,1
39600,2
39619,1
39621,1
39643,1
39644,1
39705,2
39752,1
39759,2
39886,1
40000,33
40001,34
40002,27
40003,16
40004,9
40005,45
40006,44
40007,40
40008,28
40009,23
40010,20
40028,1
40030,1
40055,1
40059,4
40060,22
40061,19
40070,14
40080,2
40086,1
40101,1
40110,2
40112,8
40114,3
40120,2
40130,1
40133,2
40142,1
40150,3
40151,1
40152,2
40153,1
40202,1
40204,2
40205,1
40206,2
40207,1
40216,2
40220,1
40222,2
40223,2
40227,1
40241,5
40243,1
40245,6
40252,1
40254,1
40266,1
40287,1
40291,2
40299,1
40300,1
40301,1
40324,1
40341,1
40356,1
40358,1
40373,1
40400,3
40403,1
40448,1
40450,1
40472,1
40475,2
40502,1
40503,2
40505,1
40509,1
40511,1
40513,4
40514,1
40515,1
40517,3
40601,1
40602,1
40653,1
40661,1
40667,1
40672,1
40682,1
40701,1
40749,1
40751,1
40762,1
40765,1
40800,3
40830,1
40846,1
40857,1
40877,1
41000,39
41001,5
41002,1
41006,1
41007,3
41015,1
41018,2
41020,7
41021,6
41040,1
41048,1
41056,1
41091,2
41094,1
41100,18
41101,6
41102,12
41103,22
41104,15
41105,4
41106,3
41110,2
41122,1
41124,1
41150,1
41200,7
41220,1
41241,1
41280,1
41283,1
41300,4
41310,2
41311,1
41334,1
41341,1
41400,9
41454,1
41475,1
41493,1
41511,1
41523,1
41552,1
41553,1
41600,3
41601,1
41641,1
41700,3
41723,1
41760,1
41770,1
41800,2
41830,1
41950,1
41961,1
42000,1
42001,1
42010,1
42040,1
42057,1
42059,1
42066,1
42071,1
42073,1
42100,8
42103,1
42104,1
42105,1
42110,1
42114,1
42120,6
42130,5
42140,1
42170,1
42190,1
42200,5
42201,1
42270,1
42278,1
42300,1
42303,1
42364,1
42410,1
42413,1
42420,1
42500,3
42501,1
42540,1
42547,1
42554,1
42560,1
42576,1
42614,1
42625,1
42654,1
42656,1
42658,1
42675,1
42700,3
42701,1
42748,1
42769,1
42771,1
42803,1
42920,1
42941,1
43000,45
43001,13
43002,6
43003,3
43004,3
43005,13
43006,7
43007,34
43008,2
43010,1
43015,3
43016,6
43017,6
43020,4
43021,2
43022,3
43023,1
43026,4
43031,1
43035,4
43054,5
43064,3
43065,7
43068,3
43074,2
43081,2
43082,1
43085,2
43100,7
43108,1
43110,1
43119,1
43120,2
43123,3
43130,1
43140,1
43147,3
43160,1
43170,1
43182,1
43190,1
43200,2
43202,1
43203,1
43206,1
43207,1
43209,4
43212,5
43214,3
43215,2
43220,3
43221,4
43223,1
43224,1
43227,1
43228,1
43229,1
43230,2
43231,1
43235,2
43240,1
43260,2
43270,1
43284,1
43300,2
43330,1
43334,1
43344,1
43400,1
43401,1
43402,3
43420,1
43430,1
43469,1
43500,4
43551,1
43600,3
43613,1
43615,2
43617,1
43689,1
43691,1
43692,2
43701,1
43743,2
43762,1
43775,1
43800,1
43822,1
43902,1
43906,1
43920,1
44000,6
44001,6
44002,5
44003,2
44010,1
44011,2
44023,1
44024,1
44035,1
44039,3
44041,1
44047,1
44053,1
44056,3
44057,1
44060,1
44067,1
44070,1
44072,1
44077,1
44087,1
44094,3
44095,2
44100,2
44102,3
44104,1
44106,2
44107,2
44109,1
44111,1
44113,3
44115,1
44116,1
44118,7
44120,1
44122,6
44123,1
44124,2
44130,1
44131,1
44133,1
44136,1
44137,1
44139,6
44140,1
44141,1
44143,2
44145,3
44146,2
44149,2
44202,4
44212,2
44223,1
44224,1
44236,3
44241,1
44256,5
44266,1
44272,1
44281,3
44290,1
44300,6
44304,1
44307,1
44313,1
44320,1
44321,3
44333,3
44340,1
44400,3
44405,1
44406,1
44410,4
44417,1
44418,1
44420,2
44425,1
44436,1
44437,1
44451,2
44460,1
44484,1
44500,3
44511,1
44514,1
44539,1
44540,1
44600,5
44605,2
44641,1
44646,1
44664,1
44675,1
44691,2
44700,1
44707,1
44708,1
44720,1
44721,1
44800,1
44805,1
44808,1
44820,1
44824,1
44827,1
44853,1
44883,1
44890,1
44900,1
44920,1
44930,1
45000,87
45001,2
45002,1
45004,4
45005,4
45010,3
45011,2
45036,1
45039,3
45040,15
45044,2
45050,1
45054,1
45066,3
45069,3
45100,2
45107,1
45134,1
45138,1
45140,4
45145,1
45150,1
45152,1
45155,1
45161,1
45174,1
45200,14
45201,12
45202,2
45207,1
45208,1
45211,1
45212,1
45215,4
45220,1
45223,1
45227,1
45229,1
45231,1
45236,3
45240,1
45241,1
45242,2
45243,4
45244,2
45255,1
45300,10
45305,1
45340,1
45373,1
45383,1
45387,2
45402,1
45406,1
45415,1
45419,3
45424,2
45429,3
45440,5
45458,7
45459,1
45500,5
45504,2
45601,1
45631,1
45640,1
45645,1
45671,1
45700,1
45735,1
45800,1
45810,1
45833,2
45840,5
45883,1
46000,2
46009,1
46010,1
46016,1
46032,5
46033,6
46036,1
46037,7
46038,6
46044,1
46055,1
46058,1
46060,2
46062,2
46064,1
46074,4
46075,1
46077,5
46100,1
46105,1
46111,1
46112,7
46115,1
46123,3
46131,2
46142,2
46143,3
46151,2
46158,1
46159,1
46163,1
46167,1
46168,3
46182,1
46184,1
46200,7
46201,9
46202,7
46203,6
46204,4
46205,2
46208,2
46219,1
46220,5
46224,1
46225,1
46226,2
46227,1
46230,1
46234,1
46236,1
46237,2
46239,1
46240,1
46242,1
46250,1
46256,3
46259,1
46260,1
46268,1
46278,3
46294,1
46300,1
46301,1
46303,5
46304,3
46307,7
46311,3
46321,10
46322,1
46324,2
46368,1
46373,4
46375,1
46385,6
46392,1
46400,3
46414,1
46420,1
46447,1
46514,1
46520,2
46526,2
46530,6
46545,2
46552,1
46557,1
46561,1
46563,1
46569,1
46582,1
46615,1
46617,3
46619,1
46628,1
46630,1
46637,1
46700,4
46703,1
46710,1
46711,1
46714,1
46720,1
46725,1
46738,1
46804,1
46808,1
46814,3
46815,1
46818,1
46825,1
46845,1
46901,2
46923,1
46930,1
46962,1
46998,3
46999,1
47001,1
47006,1
47007,1
47008,1
47010,1
47038,1
47060,1
47100,8
47102,2
47106,1
47109,1
47120,1
47130,1
47168,1
47180,1
47200,3
47201,4
47203,2
47259,1
47274,1
47303,1
47340,1
47371,1
47385,1
47400,2
47401,5
47403,2
47404,2
47408,2
47446,1
47452,1
47500,4
47530,1
47566,1
47600,2
47620,1
47630,6
47635,1
47707,1
47708,1
47710,1
47714,1
47715,1
47720,1
47725,2
47750,1
47802,1
47803,2
47834,1
47872,1
47882,1
47901,1
47905,3
47906,11
47909,2
47932,1
47933,1
47971,1
47974,1
47993,1
47994,1
47995,1
48000,2
48004,1
48005,1
48009,2
48014,1
48025,2
48033,1
48040,2
48044,1
48046,1
48050,1
48060,1
48066,4
48067,3
48069,1
48073,3
48076,1
48077,1
48083,3
48084,2
48085,6
48087,1
48088,1
48089,1
48090,1
48092,1
48098,5
48103,8
48104,2
48105,9
48108,4
48114,1
48116,2
48117,1
48118,2
48119,1
48120,3
48124,1
48126,1
48127,1
48128,1
48130,2
48135,1
48147,1
48150,2
48152,2
48154,3
48162,1
48167,4
48168,7
48170,5
48174,2
48176,1
48178,3
48180,1
48185,2
48187,6
48188,6
48195,1
48197,8
48198,1
48200,2
48204,1
48206,1
48214,1
48219,1
48220,1
48226,1
48230,4
48235,1
48236,2
48237,2
48270,1
48300,1
48301,1
48304,2
48306,3
48307,3
48309,7
48312,1
48315,2
48316,1
48322,4
48323,2
48324,1
48326,2
48327,3
48329,2
48331,2
48334,7
48335,3
48336,2
48346,2
48348,3
48350,1
48357,1
48359,1
48360,1
48363,2
48369,1
48371,1
48374,5
48375,6
48377,3
48380,1
48381,1
48382,1
48386,2
48411,1
48423,1
48429,1
48430,1
48433,1
48439,1
48442,2
48444,1
48450,1
48462,3
48503,1
48601,1
48602,1
48603,3
48623,1
48638,1
48640,3
48642,2
48708,1
48734,1
48741,1
48751,1
48808,1
48809,1
48820,3
48823,7
48836,1
48837,1
48840,1
48842,3
48843,2
48846,1
48854,2
48858,1
48864,4
48867,1
48873,1
48911,2
48912,1
49000,2
49002,2
49004,1
49006,3
49008,1
49009,5
49010,1
49015,1
49022,1
49024,4
49048,1
49050,1
49053,1
49071,1
49079,1
49085,3
49090,1
49120,3
49127,2
49133,1
49200,4
49201,3
49247,2
49256,1
49301,1
49302,1
49315,4
49331,1
49336,1
49339,1
49341,3
49345,2
49386,1
49406,1
49417,1
49418,1
49420,2
49424,2
49426,1
49435,1
49456,1
49503,3
49504,2
49505,1
49506,1
49507,1
49508,2
49525,6
49534,1
49544,1
49545,1
49546,3
49548,1
49600,1
49601,1
49670,1
49684,1
49685,2
49686,1
49713,1
49721,1
49821,1
49916,1
49920,1
49958,1
50000,4
50001,16
50002,12
50003,19
50004,16
50005,6
50006,9
50007,13
50008,17
50009,9
50010,2
50012,1
50013,1
50014,7
50021,4
50027,3
50029,1
50036,2
50061,1
50100,1
50105,1
50111,1
50125,3
50158,1
50200,1
50203,1
50208,1
50210,1
50211,2
50230,1
50236,1
50245,1
50261,1
50263,2
50265,1
50266,2
50309,1
50310,1
50311,2
50313,2
50314,1
50321,2
50322,3
50325,3
50400,1
50428,1
50441,1
50470,1
50480,5
50490,1
50500,1
50512,1
50536,1
50545,1
50548,1
50600,3
50601,1
50613,1
50644,1
50665,1
50701,1
50703,1
50710,1
50730,1
50800,1
50820,1
50821,1
50858,1
50921,1
50987,1
51000,49
51001,1
51003,1
51004,1
51005,4
51006,2
51007,2
51008,4
51010,2
51012,1
51014,1
51015,2
51016,2
51017,2
51020,2
51022,3
51023,1
51024,1
51025,1
51026,2
51027,2
51028,2
51029,1
51030,2
51031,3
51033,1
51037,1
51040,1
51041,2
51042,4
51044,3
51048,1
51050,4
51051,1
51052,1
51054,1
51060,4
51061,2
51062,9
51063,8
51064,4
51065,1
51066,3
51070,2
51080,2
51100,1
51108,1
51130,2
51133,1
51134,2
51140,8
51143,2
51144,6
51145,4
51149,3
51151,1
51200,1
51210,1
51301,1
51319,1
51408,1
51443,1
51449,1
51498,2
51500,5
51501,1
51504,2
51511,2
51541,1
51542,1
51563,1
51576,1
51582,1
51600,9
51621,1
51640,1
51649,1
51677,1
51696,1
51700,3
51721,1
51732,1
51738,1
51750,5
51770,1
51800,124
51801,1
51802,11
51803,11
51804,16
51805,21
51806,9
51807,1
51810,17
51811,7
51812,2
51813,1
51815,1
51817,3
51871,1
51900,9
51907,1
51949,1
52000,2
52001,4
52002,2
52005,1
52011,1
52042,1
52046,1
52053,1
52064,1
52121,1
52200,7
52223,2
52228,1
52230,1
52241,3
52245,2
52246,6
52300,20
52307,2
52312,1
52318,1
52330,1
52332,1
52340,1
52366,1
52371,1
52380,3
52382,1
52390,1
52400,2
52401,2
52402,3
52403,1
52404,1
52463,1
52500,2
52520,1
52556,2
52601,1
52604,1
52621,1
52639,1
52655,1
52722,11
52726,2
52748,1
52800,10
52802,1
52803,2
52805,1
52806,1
52807,1
52820,1
52822,2
52823,1
52830,10
52831,4
52840,10
52841,2
52849,1
52850,3
52859,1
52900,3
52920,1
52970,2
52986,1
52994,1
53000,7
53001,7
53002,10
53004,1
53005,1
53014,1
53020,1
53022,2
53023,1
53024,1
53027,2
53029,3
53044,1
53045,1
53051,4
53070,1
53072,2
53074,1
53081,1
53089,3
53092,5
53095,3
53097,3
53100,2
53104,1
53105,2
53111,1
53114,1
53121,2
53122,1
53132,1
53140,2
53142,1
53143,2
53144,2
53146,1
53147,1
53149,2
53151,2
53158,1
53181,1
53185,1
53189,3
53202,3
53204,2
53205,1
53206,1
53207,4
53208,1
53209,2
53211,6
53212,1
53213,1
53215,2
53217,2
53221,1
53222,2
53223,1
53225,1
53226,2
53300,5
53306,1
53310,2
53402,2
53403,3
53405,1
53421,1
53479,1
53500,2
53511,1
53521,2
53528,1
53532,1
53545,1
53546,1
53548,1
53555,1
53559,1
53562,6
53572,1
53575,1
53581,2
53590,5
53593,2
53594,2
53700,1
53703,10
53705,4
53711,7
53714,1
53716,1
53717,1
53718,3
53719,10
53720,1
53730,1
53821,1
53842,1
53916,4
53950,1
53959,1
54000,8
54016,2
54025,1
54030,1
54100,6
54115,3
54200,2
54220,1
54235,1
54300,2
54301,2
54303,1
54304,1
54311,2
54322,1
54450,1
54452,1
54467,1
54500,4
54504,1
54512,1
54539,1
54600,1
54632,1
54634,1
54650,4
54660,2
54664,1
54669,1
54700,3
54701,2
54751,1
54770,1
54792,2
54810,3
54860,1
54880,2
54900,1
54901,1
54902,2
54913,1
54914,4
54915,1
54935,1
54952,2
54984,1
55000,11
55001,2
55002,1
55008,2
55012,1
55016,2
55033,2
55035,1
55041,1
55044,2
55045,1
55049,1
55057,2
55068,1
55075,2
55082,2
55085,1
55092,1
55100,4
55102,3
55104,2
55105,3
55106,3
55108,1
55110,2
55112,3
55113,3
55114,1
55116,1
55117,2
55119,1
55121,1
55122,4
55123,2
55124,2
55125,5
55126,6
55127,1
55129,7
55161,1
55300,1
55303,1
55304,2
55305,3
55307,1
55311,7
55315,1
55316,1
55317,2
55318,1
55337,1
55339,1
55340,3
55343,1
55344,1
55345,2
55346,2
55347,7
55362,1
55364,1
55371,1
55372,3
55376,2
55378,4
55379,1
55391,2
55401,3
55405,1
55407,1
55408,3
55410,1
55411,2
55413,3
55416,1
55417,2
55418,2
55419,1
55420,1
55421,3
55426,3
55427,1
55430,1
55433,1
55435,1
55436,1
55437,1
55438,2
55439,1
55441,1
55442,1
55443,1
55444,1
55445,1
55446,11
55447,3
55449,2
55477,1
55604,1
55710,1
55803,1
55804,1
55806,1
55810,1
55901,3
55902,3
55906,2
55920,2
55927,1
55959,1
55992,1
56000,13
56001,15
56002,10
56003,27
56004,26
56005,9
56006,23
56007,38
56008,21
56009,22
56010,28
56011,2
56020,1
56025,1
56028,1
56031,2
56033,1
56035,1
56046,2
56073,1
56087,1
56097,1
56100,2
56187,1
56210,1
56211,1
56212,1
56214,1
56215,1
56252,1
56256,1
56258,1
56300,1
56301,2
56311,1
56353,1
56377,1
56381,1
56401,1
56437,1
56516,1
56533,1
56573,1
56601,1
57000,4
57001,4
57002,1
57006,2
57010,2
57020,5
57022,1
57030,2
57031,3
57069,1
57108,3
57126,1
57128,1
57160,1
57171,1
57200,3
57210,1
57320,1
57373,1
57410,1
57411,1
57419,1
57421,1
57500,2
57572,1
57610,1
57611,1
57700,3
57701,3
57720,1
57735,2
57750,1
57798,1
57922,1
57936,1
57957,1
57969,1
58002,2
58003,1
58024,2
58078,2
58103,1
58130,1
58131,1
58140,1
58200,2
58201,1
58310,1
58368,1
58458,1
58503,1
58510,1
58520,1
58540,1
58554,2
58749,1
58797,2
58962,1
59001,1
59247,1
59404,1
59450,1
59527,1
59601,1
59602,1
59715,1
59716,1
59718,2
59802,1
59867,1
59901,1
60000,6
60001,9
60002,74
60003,2
60004,269
60005,127
60006,6
60007,123
60008,83
60009,11
60010,318
60011,4
60012,51
60013,84
60014,100
60015,202
60016,147
60017,1
60018,65
60020,10
60021,26
60022,46
60024,1
60025,280
60026,119
60029,2
60030,114
60031,152
60033,7
60034,3
60035,189
60040,11
60041,13
60042,13
60043,8
60044,41
60045,100
60046,113
60047,270
60048,196
60050,36
60051,38
60053,110
60056,232
60060,133
60061,300
60062,296
60064,9
60067,304
60068,221
60069,56
60070,44
60071,5
60072,4
60073,113
60074,96
60076,154
60077,71
60081,14
60083,19
60084,38
60085,50
60087,26
60089,339
60090,103
60091,176
60093,83
60096,5
60097,4
60098,39
60099,23
60101,33
60102,109
60103,171
60104,12
60106,34
60107,99
60108,83
60110,75
60111,1
60112,3
60113,2
60115,57
60116,1
60118,38
60119,14
60120,53
60123,54
60124,60
60126,273
60130,25
60131,37
60133,51
60134,123
60135,10
60136,22
60137,136
60139,50
60140,33
60142,68
60143,31
60145,3
60146,2
60148,133
60150,2
60151,4
60152,11
60153,20
60154,36
60155,10
60156,69
60157,9
60160,28
60162,10
60163,8
60164,38
60165,5
60169,105
60171,17
60172,92
60173,72
60174,95
60175,104
60176,20
60177,65
60178,43
60180,1
60181,59
60184,14
60185,75
60187,100
60188,117
60189,134
60190,40
60191,33
60192,128
60193,167
60194,85
60195,8
60201,139
60202,100
60203,35
60225,1
60264,2
60272,1
60300,1
60301,3
60302,112
60304,72
60305,55
60310,3
60320,1
60389,1
60401,9
60402,94
60403,13
60404,31
60406,33
60407,1
60408,7
60409,22
60410,28
60411,67
60415,13
60416,13
60417,22
60418,14
60419,17
60420,7
60421,4
60422,47
60423,125
60424,1
60425,16
60426,23
60428,10
60429,23
60430,60
60431,41
60432,17
60433,13
60435,44
60436,14
60437,1
60438,45
60439,91
60440,93
60441,66
60442,21
60443,38
60444,4
60445,29
60446,71
60447,29
60448,66
60449,14
60450,25
60451,91
60452,49
60453,129
60455,36
60456,2
60457,41
60458,14
60459,50
60460,1
60461,10
60462,128
60463,47
60464,44
60465,40
60466,30
60467,134
60468,11
60469,5
60470,1
60471,26
60472,2
60473,40
60475,8
60476,3
60477,65
60478,15
60479,2
60480,25
60481,15
60482,12
60484,14
60487,109
60490,119
60491,54
60500,2
60501,25
60502,178
60503,80
60504,150
60505,47
60506,59
60510,83
60511,3
60512,2
60513,48
60514,49
60515,120
60516,85
60517,103
60518,2
60521,144
60523,49
60525,156
60526,53
60527,134
60530,2
60531,1
60532,121
60534,14
60538,31
60540,267
60541,4
60542,42
60543,83
60544,55
60545,10
60546,76
60548,5
60551,4
60554,33
60555,18
60556,3
60558,97
60559,64
60560,32
60561,73
60563,168
60564,441
60565,315
60585,111
60586,104
60601,25
60602,2
60603,3
60604,1
60605,62
60606,3
60607,57
60608,213
60609,166
60610,86
60611,64
60612,61
60613,97
60614,132
60615,65
60616,215
60617,113
60618,245
60619,79
60620,71
60621,21
60622,84
60623,102
60624,40
60625,185
60626,72
60628,73
60629,280
60630,163
60631,119
60632,251
60633,27
60634,194
60636,31
60637,56
60638,151
60639,192
60640,110
60641,151
60642,39
60643,124
60644,43
60645,126
60646,158
60647,138
60649,61
60651,105
60652,101
60653,51
60654,28
60655,91
60656,60
60657,134
60659,90
60660,74
60661,9
60706,57
60707,111
60712,39
60714,85
60803,19
60804,108
60805,64
60827,18
60901,30
60911,7
60913,1
60914,54
60915,11
60918,1
60919,4
60921,2
60922,1
60924,7
60927,6
60928,2
60929,1
60930,4
60933,3
60935,2
60936,16
60938,4
60940,3
60941,4
60942,6
60946,1
60948,6
60949,1
60950,9
60952,3
60953,5
60954,3
60955,7
60957,31
60960,5
60962,1
60963,3
60964,6
60966,3
60968,1
60970,12
61000,40
61001,4
61002,3
61003,8
61004,22
61005,6
61006,9
61007,7
61008,62
61009,6
61010,10
61011,10
61012,2
61014,1
61015,1
61016,3
61018,1
61019,2
61020,7
61021,23
61022,1
61024,6
61025,1
61028,4
61030,2
61031,3
61032,15
61035,1
61036,6
61038,1
61039,1
61041,1
61044,1
61046,4
61048,3
61050,1
61051,1
61052,1
61053,6
61054,2
61058,1
61060,2
61061,5
61062,3
61063,7
61064,3
61065,14
61068,13
61071,11
61072,7
61073,34
61074,2
61075,2
61078,3
61080,8
61081,31
61084,3
61085,1
61087,1
61088,7
61089,2
61101,3
61102,5
61103,11
61104,6
61107,37
61108,14
61109,14
61110,1
61111,23
61113,3
61114,16
61115,10
61125,1
61163,1
61170,1
61173,5
61175,1
61183,2
61201,25
61231,5
61235,4
61238,4
61239,1
61240,5
61241,5
61242,1
61244,9
61250,1
61252,1
61254,23
61256,2
61257,1
61261,1
61262,1
61264,10
61265,30
61268,1
61270,7
61272,1
61273,5
61274,1
61275,1
61277,4
61278,2
61279,1
61280,1
61281,4
61282,4
61283,2
61285,1
61300,3
61301,16
61310,2
61312,1
61317,1
61320,2
61321,1
61322,2
61325,1
61326,2
61327,4
61329,3
61330,2
61334,4
61336,4
61341,10
61342,9
61345,3
61348,6
61350,35
61354,26
61356,16
61359,1
61360,5
61361,2
61362,12
61364,23
61367,1
61368,3
61369,1
61370,5
61373,7
61375,3
61376,1
61377,1
61379,1
61400,2
61401,26
61412,4
61413,3
61414,1
61415,5
61417,1
61420,1
61421,1
61422,3
61428,2
61430,2
61432,1
61434,4
61435,2
61436,2
61437,2
61438,2
61440,1
61442,1
61443,18
61448,12
61450,1
61453,1
61455,37
61458,1
61459,1
61462,9
61466,1
61469,1
61470,2
61472,1
61473,1
61477,1
61478,1
61483,2
61488,1
61489,1
61491,2
61517,6
61520,21
61523,17
61525,67
61526,4
61528,19
61529,6
61530,9
61531,3
61533,3
61535,4
61536,3
61537,2
61540,1
61542,5
61546,1
61547,9
61548,22
61550,48
61554,40
61559,6
61561,9
61568,5
61569,2
61570,1
61571,37
61602,1
61603,6
61604,24
61605,1
61606,16
61607,6
61610,1
61611,20
61614,75
61615,115
61616,7
61701,58
61703,1
61704,175
61705,64
61723,4
61724,2
61725,2
61726,3
61727,14
61728,1
61729,3
61731,1
61732,3
61733,1
61734,4
61736,7
61737,1
61738,9
61739,8
61740,3
61741,3
61742,1
61744,4
61745,7
61747,2
61748,6
61752,5
61753,10
61754,3
61755,7
61756,3
61759,2
61760,3
61761,112
61764,10
61769,1
61773,1
61774,1
61776,6
61800,8
61801,1772
61802,368
61813,4
61814,4
61815,1
61816,1
61817,9
61818,2
61820,2069
61821,499
61822,617
61824,1
61825,2
61830,1
61832,41
61833,2
61834,8
61839,2
61840,5
61841,5
61842,8
61843,19
61845,2
61846,2
61847,7
61849,12
61851,1
61853,186
61854,7
61856,57
61857,1
61858,15
61859,7
61862,3
61863,6
61864,13
61865,4
61866,41
61870,2
61871,2
61872,1
61873,73
61874,301
61875,5
61876,1
61877,13
61878,2
61880,33
61882,3
61883,7
61884,7
61910,11
61911,7
61912,1
61913,5
61914,6
61917,1
61919,4
61920,28
61924,2
61925,2
61928,1
61929,1
61931,1
61932,1
61933,1
61937,9
61938,22
61942,2
61943,2
61944,11
61951,9
61953,37
61956,9
61957,2
61967,1
62000,1
62001,2
62002,32
62009,1
62010,3
62012,6
62014,2
62016,7
62017,1
62022,1
62024,1
62025,64
62028,2
62032,2
62033,4
62034,25
62035,23
62036,1
62037,2
62040,10
62044,1
62049,2
62051,1
62052,13
62056,11
62060,1
62062,1
62067,3
62069,3
62075,4
62076,1
62079,1
62080,1
62084,1
62086,3
62088,1
62094,2
62095,3
62097,2
62100,2
62101,2
62170,1
62201,1
62203,2
62204,3
62206,3
62207,1
62208,21
62214,1
62215,2
62216,3
62217,1
62218,2
62219,1
62220,16
62221,36
62223,17
62225,2
62226,39
62230,10
62231,4
62232,9
62233,3
62234,11
62236,12
62237,1
62239,1
62243,1
62245,1
62246,10
62249,27
62254,3
62257,1
62258,5
62260,5
62262,1
62263,8
62264,1
62265,2
62268,1
62269,59
62271,2
62272,1
62274,1
62278,7
62281,2
62285,2
62293,4
62294,15
62298,27
62301,12
62305,19
62316,2
62321,3
62323,1
62324,1
62326,1
62330,2
62340,2
62341,2
62342,1
62343,1
62347,2
62349,1
62351,1
62353,3
62354,1
62356,2
62358,2
62360,1
62362,1
62363,5
62366,1
62374,1
62376,2
62379,3
62401,58
62411,11
62417,3
62418,2
62420,3
62421,1
62424,3
62425,1
62427,1
62428,4
62432,1
62433,1
62436,1
62439,7
62440,1
62441,11
62442,1
62443,3
62447,12
62448,10
62449,3
62450,15
62451,1
62454,12
62462,1
62465,1
62466,4
62467,4
62468,2
62469,1
62471,2
62475,1
62476,2
62481,2
62500,3
62501,1
62502,3
62510,3
62515,3
62518,1
62520,4
62521,50
62522,14
62526,29
62531,1
62534,1
62535,34
62536,1
62537,1
62540,1
62541,1
62544,3
62545,4
62546,3
62547,1
62548,1
62549,15
62550,2
62551,1
62553,1
62554,1
62556,1
62557,9
62558,1
62561,3
62563,24
62565,6
62568,10
62572,2
62573,2
62610,1
62611,2
62613,6
62615,12
62617,1
62618,14
62625,5
62626,8
62629,36
62630,3
62631,1
62633,1
62634,1
62638,6
62640,3
62642,1
62644,3
62649,2
62650,22
62656,11
62661,3
62664,5
62666,1
62667,1
62668,2
62670,8
62671,1
62674,3
62675,5
62677,3
62681,1
62684,14
62690,2
62692,2
62693,3
62694,8
62695,1
62700,1
62701,1
62702,17
62703,11
62704,86
62707,6
62711,65
62712,26
62801,10
62803,3
62807,1
62808,2
62812,6
62821,9
62830,2
62832,9
62836,1
62837,9
62838,3
62839,8
62849,1
62850,1
62853,1
62858,1
62859,2
62860,2
62863,7
62864,4
62868,5
62869,1
62878,1
62880,2
62881,7
62884,1
62888,1
62894,1
62895,1
62896,2
62900,1
62901,27
62902,18
62903,12
62905,3
62906,4
62907,1
62908,3
62912,2
62918,17
62920,2
62924,3
62930,1
62931,1
62932,1
62933,1
62934,2
62938,1
62939,3
62941,1
62943,1
62946,4
62948,10
62949,1
62951,1
62952,3
62953,1
62958,9
62959,10
62960,2
62966,7
62972,1
62976,1
62979,2
62985,1
62995,1
63000,1
63005,12
63010,1
63011,9
63017,15
63021,12
63025,2
63026,2
63028,2
63033,2
63034,1
63038,1
63040,5
63043,3
63049,1
63052,1
63055,1
63069,1
63074,1
63080,1
63088,2
63090,1
63100,1
63103,1
63104,2
63105,12
63108,2
63109,2
63110,3
63111,1
63112,1
63114,3
63116,3
63117,7
63118,2
63119,7
63122,7
63123,4
63124,5
63125,1
63128,5
63129,2
63130,5
63131,8
63132,4
63136,1
63138,2
63139,5
63141,8
63143,4
63144,5
63146,8
63147,1
63150,1
63200,1
63201,1
63301,4
63302,1
63303,3
63304,2
63334,1
63341,1
63344,1
63366,3
63367,5
63368,4
63376,5
63385,1
63400,1
63459,1
63501,1
63520,1
63549,1
63573,1
63615,1
63618,1
63640,1
63644,2
63691,1
63700,3
63701,1
63702,1
63800,1
63801,1
63805,1
63845,1
63870,1
63935,1
63964,1
64014,1
64030,1
64052,1
64055,1
64062,2
64064,2
64068,2
64081,2
64082,1
64091,1
64092,1
64093,1
64100,2
64101,2
64102,1
64103,2
64104,2
64110,1
64111,2
64116,2
64131,2
64152,1
64154,1
64155,2
64157,1
64160,2
64165,1
64167,1
64200,1
64267,1
64300,1
64310,1
64400,3
64436,1
64450,1
64454,2
64468,1
64639,1
64672,1
64701,1
64720,1
64855,1
64892,1
64989,2
65000,6
65002,1
65003,5
65004,2
65005,2
65010,2
65011,1
65014,1
65020,4
65022,2
65030,1
65049,1
65050,2
65059,1
65084,1
65101,1
65187,1
65201,3
65202,1
65203,11
65265,1
65401,2
65500,1
65583,1
65629,1
65708,1
65721,1
65807,1
65809,2
65810,3
65924,1
66000,1
66041,1
66043,2
66044,1
66047,2
66049,3
66061,2
66062,5
66083,1
66085,1
66086,1
66093,1
66203,1
66204,1
66205,2
66207,3
66208,2
66209,2
66210,4
66213,8
66215,1
66216,1
66218,1
66219,1
66221,6
66223,4
66224,3
66227,2
66309,1
66404,1
66413,1
66489,1
66542,1
66604,2
66605,1
66610,1
66801,1
67001,1
67002,1
67017,1
67037,1
67053,1
67060,2
67063,1
67064,1
67114,1
67131,1
67154,1
67204,1
67205,1
67207,1
67212,1
67220,1
67263,1
67300,1
67351,1
67401,2
67456,1
67566,1
67591,1
67650,2
67701,1
67735,1
67800,1
67801,1
67860,1
67910,1
67930,1
67933,1
67951,1
67952,1
68012,1
68022,4
68025,1
68031,1
68046,1
68054,1
68055,1
68059,1
68066,1
68102,1
68104,1
68105,2
68108,1
68114,1
68116,3
68123,1
68124,2
68135,1
68136,1
68137,1
68144,2
68152,1
68200,1
68202,5
68203,2
68230,2
68281,1
68300,1
68310,1
68351,1
68354,1
68356,1
68357,1
68467,1
68504,1
68506,2
68507,2
68516,2
68526,1
68527,1
68528,1
68551,1
68600,1
68656,1
68660,1
68801,1
68853,1
68930,1
68950,1
68953,1
68954,1
69000,1
69043,1
69100,2
69115,1
69152,1
69160,1
69198,1
69310,1
69381,1
69500,5
69501,2
69502,1
69550,1
69557,1
70000,20
70001,8
70002,15
70003,3
70004,8
70005,11
70006,14
70007,3
70008,4
70009,12
70010,7
70012,2
70014,1
70015,3
70042,1
70049,1
70065,1
70068,1
70112,1
70115,2
70117,1
70118,2
70119,1
70122,1
70124,2
70125,3
70126,1
70143,2
70146,1
70151,1
70167,1
70182,1
70342,1
70360,1
70400,1
70433,1
70443,1
70450,1
70458,1
70461,1
70503,2
70554,1
70570,1
70589,1
70597,1
70673,1
70675,1
70686,1
70710,1
70769,3
70785,1
70808,1
70810,3
71000,18
71001,5
71002,3
71003,4
71004,12
71005,4
71006,23
71007,4
71008,3
71010,4
71011,1
71037,2
71051,1
71060,1
71073,1
71105,1
71106,1
71107,1
71110,5
71120,1
71131,1
71159,1
71200,5
71210,1
71220,1
71222,1
71225,1
71270,2
71303,1
71310,1
71313,1
71320,2
71459,1
71577,1
71603,1
71655,1
71657,1
71744,1
71913,1
71930,1
71935,1
72022,1
72100,1
72110,1
72113,1
72114,1
72116,1
72121,1
72130,4
72140,1
72163,1
72205,1
72210,1
72211,1
72214,1
72218,1
72249,1
72300,3
72404,2
72420,2
72470,1
72476,1
72501,3
72540,1
72704,1
72712,2
72713,2
72730,1
72744,1
72756,2
72758,1
72762,1
72764,1
72773,1
72947,1
73000,4
73001,1
73003,5
73006,2
73007,6
73034,3
73069,1
73072,2
73090,2
73099,1
73103,1
73114,1
73120,1
73122,1
73132,1
73159,1
73165,1
73210,1
73214,1
73249,1
73313,1
73368,1
73400,4
73401,2
73430,1
73500,2
73610,1
73620,1
73703,1
73710,1
73788,1
73791,1
74000,1
74008,1
74012,3
74014,1
74037,1
74074,2
74075,1
74100,1
74108,1
74114,1
74120,1
74131,1
74133,3
74134,2
74135,1
74137,3
74145,1
74210,1
74335,2
74444,1
74464,1
74500,1
74600,2
74811,1
74884,1
74928,1
75000,5
75001,3
75002,5
75006,2
75007,5
75008,1
75009,1
75010,3
75011,1
75013,15
75019,12
75022,5
75023,6
75024,11
75025,23
75026,1
75028,6
75030,2
75033,9
75034,5
75035,22
75036,4
75038,1
75039,4
75050,1
75056,10
75061,1
75063,12
75067,1
75068,6
75069,1
75070,8
75071,3
75072,8
75074,5
75075,3
75077,2
75078,2
75080,3
75081,2
75082,5
75087,2
75089,1
75092,1
75093,6
75094,5
75098,1
75100,6
75101,4
75102,1
75104,2
75115,3
75117,1
75119,1
75126,2
75134,2
75150,1
75154,1
75181,1
75189,1
75201,1
75202,1
75204,3
75205,3
75206,2
75214,1
75217,1
75218,1
75219,3
75224,1
75225,1
75227,1
75229,1
75230,2
75234,2
75235,2
75243,1
75244,2
75248,6
75251,1
75252,1
75254,1
75290,3
75300,4
75350,2
75445,1
75454,2
75462,1
75500,9
75503,1
75569,1
75600,1
75604,1
75608,1
75650,1
75701,1
75707,1
75757,1
75771,2
75902,1
75914,1
75925,1
75950,1
76000,1
76003,1
76004,1
76005,2
76006,1
76010,1
76013,1
76016,2
76017,1
76028,1
76036,1
76039,1
76040,1
76051,1
76058,2
76060,1
76061,1
76063,1
76088,1
76092,7
76100,1
76104,2
76107,3
76118,1
76121,1
76127,1
76131,3
76133,1
76137,1
76177,1
76179,3
76182,1
76202,1
76205,1
76207,1
76208,1
76210,4
76226,2
76227,1
76244,3
76247,1
76248,4
76262,2
76266,1
76306,1
76502,1
76548,1
76549,1
76571,2
76708,1
76710,1
76802,1
76803,1
76808,1
76844,2
76901,1
76904,1
77003,2
77004,1
77005,1
77006,1
77015,1
77019,1
77021,2
77024,1
77025,1
77027,3
77035,1
77040,1
77043,2
77044,2
77045,2
77054,1
77055,1
77056,1
77057,1
77058,4
77059,1
77062,1
77063,2
77064,1
77065,3
77070,1
77072,1
77077,5
77079,2
77080,2
77081,1
77083,3
77092,1
77094,2
77095,5
77096,2
77098,2
77230,1
77304,1
77316,1
77331,1
77339,1
77346,3
77357,2
77375,5
77379,4
77381,6
77382,6
77384,1
77385,2
77386,5
77388,2
77389,6
77396,1
77401,2
77407,10
77423,2
77429,7
77433,9
77441,2
77450,5
77459,11
77469,3
77477,1
77478,1
77479,17
77494,31
77498,4
77504,1
77506,1
77535,1
77536,1
77545,1
77546,3
77560,1
77566,1
77573,3
77581,2
77583,1
77584,6
77586,2
77590,1
77600,1
77706,1
77802,2
77808,1
77833,1
77840,3
77845,2
77904,1
78006,1
78015,2
78028,2
78040,1
78100,3
78102,2
78207,1
78209,2
78213,1
78216,1
78221,1
78223,1
78224,1
78227,1
78229,2
78230,1
78232,2
78240,1
78245,1
78248,3
78249,2
78253,3
78254,3
78255,1
78258,5
78259,2
78260,2
78261,1
78266,2
78411,1
78414,1
78415,1
78521,1
78539,3
78572,1
78600,1
78613,6
78617,1
78626,1
78628,1
78634,2
78641,10
78642,1
78644,1
78645,1
78660,9
78664,4
78665,3
78669,1
78681,5
78701,3
78702,3
78703,2
78704,4
78705,2
78717,11
78721,2
78722,1
78726,3
78727,2
78728,3
78729,3
78730,2
78731,2
78732,4
78733,7
78736,3
78738,3
78739,3
78741,2
78744,2
78745,1
78746,9
78748,2
78749,1
78750,9
78754,2
78756,1
78757,2
78758,5
78759,9
78840,1
79015,1
79410,1
79413,1
79600,1
79606,2
79705,1
79748,1
79765,2
79859,1
79904,1
79911,1
79912,2
79938,2
80000,4
80001,1
80002,3
80004,1
80005,2
80011,1
80013,1
80014,3
80015,4
80016,9
80017,1
80020,3
80021,1
80023,3
80026,1
80027,3
80031,1
80033,2
80044,1
80100,1
80104,1
80105,1
80108,2
80109,2
80111,7
80112,3
80121,1
80122,1
80123,1
80124,2
80125,2
80126,2
80127,3
80129,6
80130,2
80132,1
80134,4
80199,1
80203,3
80204,2
80205,1
80206,1
80207,2
80209,1
80210,2
80211,2
80212,1
80215,1
80216,2
80218,1
80219,2
80220,3
80221,2
80222,1
80223,2
80227,2
80228,3
80231,1
80233,1
80234,1
80235,1
80237,1
80238,6
80240,1
80241,2
80247,1
80252,1
80301,2
80302,1
80303,3
80305,1
80361,1
80400,1
80401,1
80439,2
80457,1
80466,1
80487,1
80501,1
80503,5
80504,4
80513,1
80516,1
80521,3
80524,2
80525,1
80528,2
80538,2
80550,2
80602,2
80603,1
80631,1
80634,1
80702,1
80742,1
80796,1
80799,1
80804,1
80910,1
80916,1
80918,2
80919,1
80920,2
80921,1
80922,1
80923,1
80968,1
81000,2
81030,2
81103,1
81153,1
81154,1
81301,1
81303,1
81343,1
81365,1
81543,1
81609,1
81610,1
81632,1
81636,1
81669,1
81697,1
81911,1
81948,1
82009,1
82072,1
82131,1
82218,1
82242,1
82267,1
82300,1
82500,1
82546,1
82600,2
82930,1
82950,1
83000,8
83001,2
83005,1
83075,1
83100,2
83201,1
83301,1
83323,1
83338,1
83369,1
83400,8
83401,1
83404,1
83440,1
83442,1
83467,1
83500,1
83520,2
83616,2
83642,1
83644,1
83646,1
83704,2
83706,3
83712,1
83716,4
83805,1
83835,1
84004,1
84005,1
84009,4
84010,1
84014,2
84015,1
84020,1
84025,1
84032,1
84041,3
84042,1
84043,2
84045,2
84057,1
84058,1
84062,1
84065,1
84075,1
84081,3
84087,1
84094,1
84095,1
84096,2
84098,2
84100,3
84102,2
84103,2
84106,2
84107,2
84111,1
84115,1
84116,1
84119,1
84121,2
84123,1
84124,1
84177,1
84200,2
84310,1
84332,1
84401,2
84414,2
84540,1
84600,1
84604,3
84629,1
84660,3
84723,1
84810,1
85003,1
85004,1
85008,1
85012,3
85013,1
85020,1
85021,1
85022,1
85023,1
85027,2
85028,2
85032,1
85034,1
85042,4
85044,1
85045,1
85048,6
85050,4
85054,2
85055,1
85085,3
85086,3
85140,1
85142,1
85201,1
85202,1
85204,1
85207,3
85209,1
85213,1
85215,1
85220,1
85224,3
85225,4
85226,2
85233,1
85248,5
85249,3
85251,2
85253,1
85254,3
85255,6
85258,3
85259,2
85260,3
85268,2
85281,2
85282,2
85284,3
85286,9
85295,2
85296,3
85297,5
85298,3
85302,1
85308,2
85326,1
85345,1
85365,1
85374,1
85379,1
85381,3
85382,2
85383,5
85387,1
85388,1
85410,1
85431,1
85613,2
85629,2
85630,1
85650,1
85653,1
85658,2
85704,1
85710,1
85712,1
85716,3
85718,3
85735,1
85737,3
85745,4
85747,1
85749,2
85750,1
85875,1
85911,1
86004,2
86050,1
86314,1
86336,1
86807,1
87031,2
87048,1
87106,1
87108,3
87109,3
87110,1
87111,3
87112,1
87113,2
87114,1
87120,2
87122,2
87123,2
87124,2
87144,4
87401,1
87439,1
87505,2
87507,3
87508,1
87544,2
87547,1
87555,1
87945,1
88000,1
88007,1
88012,1
88021,1
88048,1
88049,1
88058,1
88471,1
89011,2
89012,2
89014,2
89015,1
89027,1
89044,1
89052,4
89074,1
89084,2
89102,1
89103,1
89104,1
89113,1
89117,2
89122,1
89123,1
89129,7
89131,1
89134,1
89135,1
89139,3
89141,1
89142,1
89145,3
89146,1
89147,1
89148,4
89149,1
89158,1
89178,1
89179,1
89406,2
89436,3
89451,2
89501,1
89509,2
89511,2
89521,1
90000,2
90001,1
90003,1
90004,4
90005,2
90006,1
90007,2
90008,1
90010,5
90011,1
90015,2
90016,2
90017,1
90020,1
90021,1
90022,1
90024,6
90025,4
90026,1
90027,2
90028,1
90032,1
90035,2
90036,2
90039,1
90040,1
90041,1
90042,3
90044,1
90045,7
90046,1
90048,1
90049,2
90057,1
90064,5
90065,1
90066,1
90067,1
90068,1
90077,2
90093,1
90094,2
90110,2
90146,1
90210,2
90212,1
90220,1
90222,1
90224,1
90232,1
90241,1
90242,2
90247,2
90249,1
90254,2
90265,2
90266,3
90272,5
90274,2
90275,12
90277,4
90278,2
90280,1
90290,1
90292,1
90303,1
90310,1
90404,1
90405,2
90439,1
90501,1
90503,6
90504,1
90505,3
90602,2
90603,1
90604,1
90620,1
90630,3
90631,3
90638,1
90650,2
90703,7
90706,1
90710,3
90720,2
90732,4
90745,1
90746,2
90755,1
90802,2
90803,2
90807,1
90808,1
90815,1
91001,2
91006,9
91007,8
91010,1
91011,3
91016,2
91024,1
91030,3
91101,2
91103,1
91104,3
91105,1
91106,4
91107,5
91108,2
91203,2
91206,3
91208,2
91214,4
91222,1
91301,1
91302,2
91303,2
91304,2
91306,1
91307,3
91316,3
91320,4
91321,1
91325,1
91326,3
91335,3
91343,2
91344,3
91350,4
91351,1
91354,6
91355,2
91356,1
91357,1
91360,3
91362,6
91367,2
91377,4
91381,3
91387,1
91390,1
91403,1
91411,2
91423,3
91436,1
91501,1
91504,1
91505,1
91601,1
91602,1
91701,2
91702,3
91706,2
91708,1
91709,8
91711,2
91722,1
91730,4
91732,1
91737,1
91739,4
91741,1
91745,4
91748,1
91750,1
91752,1
91754,2
91765,9
91766,2
91768,1
91770,1
91773,1
91775,2
91780,6
91788,1
91789,11
91791,5
91792,1
91800,1
91801,5
91803,2
91901,1
91910,1
91915,2
91941,1
91945,1
91950,2
91978,1
92007,1
92008,1
92009,3
92010,2
92011,5
92019,1
92020,1
92021,1
92024,5
92025,2
92026,3
92027,2
92028,4
92037,6
92040,1
92054,1
92056,1
92057,1
92058,1
92064,6
92067,1
92069,3
92075,3
92078,6
92081,1
92083,2
92101,3
92103,3
92104,4
92106,1
92107,1
92108,2
92109,3
92110,4
92114,1
92115,1
92116,2
92117,3
92118,1
92119,1
92120,2
92121,3
92122,3
92123,2
92126,5
92127,16
92128,8
92129,15
92130,21
92131,14
92160,2
92172,1
92173,1
92203,1
92210,1
92223,1
92253,1
92270,2
92276,1
92324,2
92336,4
92337,1
92346,2
92354,1
92373,1
92374,2
92376,2
92392,1
92400,2
92505,2
92508,1
92530,1
92544,1
92557,1
92563,3
92584,3
92592,3
92595,1
92596,1
92602,14
92603,9
92604,8
92606,9
92610,1
92612,4
92614,9
92617,3
92618,21
92619,1
92620,30
92625,3
92626,1
92627,3
92629,1
92630,4
92637,2
92647,3
92648,2
92651,1
92653,2
92656,6
92657,1
92660,4
92663,1
92672,2
92673,1
92675,1
92676,1
92677,4
92679,2
92683,3
92688,3
92691,2
92692,3
92694,4
92704,1
92705,3
92706,1
92707,1
92708,5
92780,5
92782,3
92801,2
92802,4
92804,1
92806,2
92807,4
92808,1
92821,1
92823,2
92831,5
92832,1
92833,4
92835,4
92841,2
92843,1
92844,1
92867,3
92869,1
92879,2
92880,5
92882,1
92883,1
92886,6
92887,4
92903,1
93001,1
93003,3
93010,3
93023,1
93030,1
93035,2
93062,1
93063,1
93065,1
93101,1
93105,3
93109,1
93111,2
93117,2
93215,1
93220,1
93257,1
93274,1
93277,1
93305,1
93306,1
93307,1
93311,1
93313,1
93314,2
93340,1
93400,1
93401,1
93405,2
93420,1
93422,1
93436,1
93446,3
93449,1
93454,2
93455,1
93536,3
93539,1
93611,1
93618,1
93619,4
93622,1
93630,1
93636,1
93637,1
93638,1
93720,3
93722,2
93728,1
93730,1
93905,2
93906,2
93923,1
93933,1
93940,2
93950,3
93955,1
94000,1
94002,7
94005,1
94010,13
94014,2
94015,2
94019,1
94022,15
94024,21
94025,15
94027,3
94028,3
94030,4
94040,18
94041,5
94043,8
94044,1
94061,7
94062,2
94063,6
94065,2
94066,2
94070,4
94080,1
94085,7
94086,28
94087,41
94089,4
94102,2
94103,4
94105,1
94107,7
94108,1
94109,2
94110,4
94112,7
94114,4
94115,3
94116,5
94117,4
94118,1
94121,5
94122,7
94123,2
94124,4
94127,3
94131,1
94132,2
94133,3
94134,2
94158,3
94301,4
94303,26
94306,20
94401,2
94402,5
94403,6
94404,13
94428,1
94470,1
94501,6
94502,1
94503,1
94506,8
94507,2
94509,1
94513,2
94518,1
94519,1
94521,2
94523,6
94526,3
94528,1
94530,4
94531,2
94536,22
94538,28
94539,120
94541,1
94542,2
94544,2
94546,5
94549,2
94550,6
94551,4
94552,6
94553,1
94555,36
94556,1
94558,1
94560,7
94561,1
94563,3
94564,1
94565,3
94566,42
94568,29
94577,1
94578,2
94580,1
94582,84
94583,15
94585,1
94587,10
94588,27
94598,2
94602,1
94603,1
94608,4
94609,1
94611,6
94612,1
94618,2
94702,1
94703,1
94705,2
94706,7
94707,1
94803,1
94804,5
94805,2
94806,5
94901,1
94903,1
94904,3
94920,4
94941,2
94945,1
94947,1
94949,1
95002,1
95008,14
95014,142
95020,3
95030,5
95032,15
95033,4
95035,36
95037,7
95046,1
95050,8
95051,42
95054,19
95060,2
95062,1
95066,3
95070,64
95100,1
95110,3
95111,3
95112,1
95113,1
95116,1
95117,11
95118,7
95119,1
95120,40
95121,4
95122,1
95123,15
95124,17
95125,10
95126,5
95127,4
95128,5
95129,77
95130,7
95131,12
95132,11
95133,4
95134,8
95135,32
95136,7
95138,18
95139,2
95148,21
95204,3
95207,1
95219,1
95242,1
95301,1
95304,1
95326,1
95330,3
95337,3
95340,1
95354,1
95355,1
95356,1
95366,2
95377,5
95391,8
95403,2
95405,2
95409,1
95425,1
95448,1
95470,1
95476,1
95492,1
95603,1
95605,1
95616,4
95618,6
95624,2
95628,2
95630,17
95648,3
95650,1
95661,5
95662,1
95670,1
95678,1
95687,1
95691,1
95700,1
95742,2
95746,2
95747,4
95757,4
95762,5
95765,1
95811,1
95815,1
95816,1
95819,1
95820,1
95821,1
95822,4
95824,1
95825,1
95831,2
95832,1
95833,1
95835,2
95843,2
95864,2
95928,1
95949,1
95991,1
95993,2
96002,1
96009,1
96049,1
96150,2
96179,1
96251,1
96310,1
96349,2
96367,1
96379,1
96380,1
96701,1
96707,1
96743,1
96744,1
96766,1
96789,2
96792,1
96797,1
96814,3
96815,2
96816,2
96817,1
96818,1
96819,1
96821,2
96822,2
96825,2
96826,1
96913,2
96915,1
96931,2
96941,1
96950,4
97003,2
97006,4
97007,7
97008,2
97015,2
97018,1
97034,3
97035,1
97062,1
97068,2
97070,1
97116,1
97123,3
97124,6
97132,1
97133,3
97138,1
97140,1
97202,2
97209,1
97210,2
97212,1
97213,1
97214,1
97217,1
97218,1
97219,2
97220,1
97221,1
97223,1
97224,1
97225,1
97227,1
97229,40
97232,1
97239,1
97267,2
97330,2
97333,1
97350,1
97366,1
97370,1
97401,1
97402,1
97448,1
97477,1
97526,1
97756,1
97914,1
98001,3
98004,10
98005,4
98006,16
98007,2
98008,6
98011,5
98012,12
98014,2
98019,2
98020,2
98021,11
98023,2
98024,1
98026,5
98027,7
98028,3
98029,17
98031,4
98033,11
98034,5
98036,3
98037,2
98038,2
98040,1
98042,3
98043,1
98045,2
98052,30
98053,8
98055,1
98056,3
98058,1
98059,7
98065,3
98072,4
98074,22
98075,27
98077,3
98087,3
98092,3
98101,9
98102,6
98103,2
98104,2
98105,5
98106,1
98107,2
98108,1
98109,3
98112,2
98115,12
98116,3
98117,3
98118,1
98119,3
98121,2
98122,6
98125,4
98126,2
98133,2
98136,1
98144,1
98146,1
98155,3
98168,1
98177,3
98188,1
98198,1
98199,2
98203,2
98208,2
98225,2
98226,1
98229,1
98233,1
98250,2
98274,1
98277,2
98290,1
98296,2
98311,1
98312,1
98337,1
98338,1
98362,2
98367,1
98372,1
98373,1
98374,1
98391,2
98402,1
98403,1
98404,1
98406,1
98407,1
98422,1
98444,1
98445,2
98465,1
98466,1
98467,1
98502,2
98512,1
98513,1
98531,2
98604,1
98607,2
98631,1
98662,1
98683,2
98685,1
98902,1
98951,1
99003,2
99004,1
99019,1
99021,1
99163,1
99203,1
99206,2
99212,1
99223,1
99336,1
99338,1
99350,1
99353,1
99502,3
99506,1
99507,1
99515,1
99516,1
99702,1
99840,1
99907,5
99999,2